{
 "protocol": {
  "method": "detect-then-exploit (observe N hands, estimate, RNR on estimate)",
  "iters": 800,
  "ceiling_iters": 2000,
  "p_grid": [
   0.5,
   0.75,
   1.0
  ],
  "n_grid": [
   12,
   40,
   120,
   400
  ],
  "n_seeds": 6,
  "alpha": 1.0,
  "opponents": [
   "station",
   "maniac",
   "uniform",
   "loose_passive"
  ],
  "deterministic_opps": [
   "station",
   "maniac"
  ],
  "moderate_N": 40,
  "g1_tol": 0.1,
  "stochastic_opp": "loose_passive",
  "metric": "exact EV over 120 deals vs the TRUE opponent; gain over Nash",
  "registered_in": "PREREGISTRATION.md \u00a715",
  "verdict_rule": "reliable positive iff G1 (largest-N recovers the exact ceiling at every p for the deterministic opponents) AND G2 (moderate-N p=0.5 CI lower bound > 0 for every opponent); G3 (conservative p beats raw BR on the stochastic opponent at the smallest N) is a secondary observation"
 },
 "opponents": {
  "station": {
   "ev_nash_vs_opp": 0.49952350923063343,
   "ceiling": {
    "0.5": 0.7158148546399477,
    "0.75": 0.8795600997141519,
    "1.0": 0.9670269373977294
   },
   "grid": {
    "N12_p0.5": {
     "N": 12,
     "p": 0.5,
     "mean_gain": 0.645636379885662,
     "std_gain": 0.03616106737486397,
     "ci_lo": 0.6167014997688739,
     "min_gain": 0.5838261494152481,
     "max_gain": 0.6938502251706944,
     "mean_expl": 1.17418631921692,
     "mean_infosets_seen": 15.166666666666666
    },
    "N12_p0.75": {
     "N": 12,
     "p": 0.75,
     "mean_gain": 0.7221463044866984,
     "std_gain": 0.08748565595049589,
     "ci_lo": 0.6521432003021751,
     "min_gain": 0.589708400429656,
     "max_gain": 0.841805760871811,
     "mean_expl": 2.971544138170282,
     "mean_infosets_seen": 15.166666666666666
    },
    "N12_p1.0": {
     "N": 12,
     "p": 1.0,
     "mean_gain": 0.7448400220524217,
     "std_gain": 0.125554962640786,
     "ci_lo": 0.6443751282920058,
     "min_gain": 0.5671666717728547,
     "max_gain": 0.9667421209864093,
     "mean_expl": 3.558017745776061,
     "mean_infosets_seen": 15.166666666666666
    },
    "N40_p0.5": {
     "N": 40,
     "p": 0.5,
     "mean_gain": 0.7447286402784034,
     "std_gain": 0.035413913579804765,
     "ci_lo": 0.7163916077103264,
     "min_gain": 0.6866455251734085,
     "max_gain": 0.7852801221986017,
     "mean_expl": 1.0924881858107174,
     "mean_infosets_seen": 26.666666666666668
    },
    "N40_p0.75": {
     "N": 40,
     "p": 0.75,
     "mean_gain": 0.8353505949522145,
     "std_gain": 0.03630972058383682,
     "ci_lo": 0.8062967674952936,
     "min_gain": 0.778522872159749,
     "max_gain": 0.9035032012029376,
     "mean_expl": 3.041705778564204,
     "mean_infosets_seen": 26.666666666666668
    },
    "N40_p1.0": {
     "N": 40,
     "p": 1.0,
     "mean_gain": 0.922470892281241,
     "std_gain": 0.0628136039775213,
     "ci_lo": 0.8722095412555145,
     "min_gain": 0.8336357960973815,
     "max_gain": 0.9669162382698451,
     "mean_expl": 3.4336224128237105,
     "mean_infosets_seen": 26.666666666666668
    },
    "N120_p0.5": {
     "N": 120,
     "p": 0.5,
     "mean_gain": 0.8282383897054001,
     "std_gain": 0.01953885332485107,
     "ci_lo": 0.8126040509091106,
     "min_gain": 0.7903562801133288,
     "max_gain": 0.8466909925433568,
     "mean_expl": 0.9901698602943015,
     "mean_infosets_seen": 33.166666666666664
    },
    "N120_p0.75": {
     "N": 120,
     "p": 0.75,
     "mean_gain": 0.9201442805587821,
     "std_gain": 0.039597124414502596,
     "ci_lo": 0.8884599821937511,
     "min_gain": 0.8450104022715652,
     "max_gain": 0.9539712730406522,
     "mean_expl": 3.010680271418877,
     "mean_infosets_seen": 33.166666666666664
    },
    "N120_p1.0": {
     "N": 120,
     "p": 1.0,
     "mean_gain": 0.9668993811679883,
     "std_gain": 1.6345138499159817e-05,
     "ci_lo": 0.966886302333283,
     "min_gain": 0.9668827060995917,
     "max_gain": 0.9669270836840731,
     "mean_expl": 3.4177514582318707,
     "mean_infosets_seen": 33.166666666666664
    },
    "N400_p0.5": {
     "N": 400,
     "p": 0.5,
     "mean_gain": 0.8044141655896583,
     "std_gain": 0.01755889171465061,
     "ci_lo": 0.7903641260407638,
     "min_gain": 0.7665428872072104,
     "max_gain": 0.8189313509364249,
     "mean_expl": 0.892153276266824,
     "mean_infosets_seen": 37.166666666666664
    },
    "N400_p0.75": {
     "N": 400,
     "p": 0.75,
     "mean_gain": 0.9532177453313345,
     "std_gain": 0.002245926617173836,
     "ci_lo": 0.9514206297554763,
     "min_gain": 0.9492805406655012,
     "max_gain": 0.9555796773567011,
     "mean_expl": 3.0143229105224942,
     "mean_infosets_seen": 37.166666666666664
    },
    "N400_p1.0": {
     "N": 400,
     "p": 1.0,
     "mean_gain": 0.9668949555609802,
     "std_gain": 3.4433527832147905e-06,
     "ci_lo": 0.9668922003049212,
     "min_gain": 0.9668916423161025,
     "max_gain": 0.9669001625905964,
     "mean_expl": 3.413329942101837,
     "mean_infosets_seen": 37.166666666666664
    }
   }
  },
  "maniac": {
   "ev_nash_vs_opp": 0.19413994770246795,
   "ceiling": {
    "0.5": 1.840744084623426,
    "0.75": 2.1409552462969423,
    "1.0": 2.1720617155343835
   },
   "grid": {
    "N12_p0.5": {
     "N": 12,
     "p": 0.5,
     "mean_gain": 1.3246141510337766,
     "std_gain": 0.08983677279972185,
     "ci_lo": 1.2527297615578739,
     "min_gain": 1.178804611587819,
     "max_gain": 1.4865577615011114,
     "mean_expl": 1.1519896551899853,
     "mean_infosets_seen": 14.166666666666666
    },
    "N12_p0.75": {
     "N": 12,
     "p": 0.75,
     "mean_gain": -0.16249006701816804,
     "std_gain": 0.009125205213955429,
     "ci_lo": -0.16979175189847734,
     "min_gain": -0.17334834810081462,
     "max_gain": -0.14761454152132472,
     "mean_expl": 2.9228540045016973,
     "mean_infosets_seen": 14.166666666666666
    },
    "N12_p1.0": {
     "N": 12,
     "p": 1.0,
     "mean_gain": -0.19468219362332584,
     "std_gain": 6.004605181216872e-05,
     "ci_lo": -0.19473024047140863,
     "min_gain": -0.19474746136054577,
     "max_gain": -0.19456737014424372,
     "mean_expl": 3.4760356285639475,
     "mean_infosets_seen": 14.166666666666666
    },
    "N40_p0.5": {
     "N": 40,
     "p": 0.5,
     "mean_gain": 1.314159138599188,
     "std_gain": 0.18230875768414703,
     "ci_lo": 1.1682817508233463,
     "min_gain": 1.0110492501770247,
     "max_gain": 1.6315654727090179,
     "mean_expl": 1.1586947467767326,
     "mean_infosets_seen": 26.333333333333332
    },
    "N40_p0.75": {
     "N": 40,
     "p": 0.75,
     "mean_gain": -0.17606841701364573,
     "std_gain": 0.013594940266903199,
     "ci_lo": -0.186946634814572,
     "min_gain": -0.18700306287840357,
     "max_gain": -0.1473024881860332,
     "mean_expl": 3.0142047540047234,
     "mean_infosets_seen": 26.333333333333332
    },
    "N40_p1.0": {
     "N": 40,
     "p": 1.0,
     "mean_gain": -0.1946992604244295,
     "std_gain": 7.471837688860854e-05,
     "ci_lo": -0.1947590475777063,
     "min_gain": -0.19477639758243837,
     "max_gain": -0.1945973782149458,
     "mean_expl": 3.4484377867770557,
     "mean_infosets_seen": 26.333333333333332
    },
    "N120_p0.5": {
     "N": 120,
     "p": 0.5,
     "mean_gain": 1.6081588001642988,
     "std_gain": 0.05646727420705472,
     "ci_lo": 1.5629755705664177,
     "min_gain": 1.5030222952324936,
     "max_gain": 1.666413525571775,
     "mean_expl": 0.8468921650976456,
     "mean_infosets_seen": 39.666666666666664
    },
    "N120_p0.75": {
     "N": 120,
     "p": 0.75,
     "mean_gain": -0.16223030047248704,
     "std_gain": 0.06422764438679265,
     "ci_lo": -0.21362311947448795,
     "min_gain": -0.1941944273641305,
     "max_gain": -0.018787526915230723,
     "mean_expl": 3.1519299102245077,
     "mean_infosets_seen": 39.666666666666664
    },
    "N120_p1.0": {
     "N": 120,
     "p": 1.0,
     "mean_gain": -0.1946556603121643,
     "std_gain": 1.2860517815489916e-05,
     "ci_lo": -0.1946659508696131,
     "min_gain": -0.1946735898747821,