{
 "protocol": {
  "function": "evaluate_matchup (paired delta of two heroes vs one opponent)",
  "only_varied": "tilt_exploit (the explicit p_tilted knob)",
  "seeds": "list(range(300))",
  "n_hands": 200,
  "mirror": true,
  "luck_adjusted": true,
  "mc_sims": 100,
  "hero": {
   "tight_threshold": 0.2,
   "aggression": 0.5,
   "exploit_tight": 0.15,
   "exploit_aggr": 0.25,
   "use_belief_equity": false,
   "detector": {
    "mu_normal": 0.25,
    "mu_tilted": 0.92,
    "recover": 0.05
   }
  },
  "opponent_primary": "AdaptiveBotPlayer(mode='tilt') defaults",
  "primary_metric": "mean per-seed paired delta (exploiter_net - baseline_net)",
  "verdict_rule": "POSITIVE iff 95% bootstrap CI of the mean paired delta excludes 0 above; NEGATIVE iff below; else null. Pre-committed in PREREGISTRATION.md \u00a713 before the run.",
  "registered_in": "PREREGISTRATION.md \u00a713",
  "caveats": [
   "EV vs THIS fixed tilting opponent only \u2014 NOT a Nash-safety claim.",
   "An exploiter is itself counter-exploitable (the un-eliminable exploitation-vs-exploitability tradeoff; SES/DBR literature).",
   "May give EV back vs a non-tilting opponent (see the exploratory Station control)."
  ]
 },
 "primary": {
  "opponent": "Tilt",
  "exploiter_edge_vs_opp": 195.73283333333336,
  "baseline_edge_vs_opp": 533.0869999999999,
  "paired_delta_mean": -168.67708333333334,
  "paired_delta_ci95": {
   "mean": -168.67708333333334,
   "lo": -270.6327500000002,
   "hi": -66.24508333333327,
   "ci": 0.95,
   "n": 300
  },
  "paired_delta_sign_test": {
   "wins": 131,
   "losses": 168,
   "ties": 1,
   "n": 299,
   "p_value": 0.03717136190072113
  },
  "resolved": true,
  "edge_sign": -1,
  "per_seed_delta": [
   1006.3,
   21.975000000000023,
   29.225000000000023,
   -32.30000000000001,
   29.44999999999999,
   1000.0,
   -380.35,
   -31.899999999999977,
   -1262.1,
   -40.0,
   917.325,
   -1020.825,
   -1934.975,
   45.774999999999864,
   -971.0,
   2047.875,
   -28.0,
   -1872.775,
   -975.25,
   -1029.925,
   -933.825,
   23.94999999999999,
   -739.45,
   58.349999999999966,
   972.2,
   -1011.175,
   -974.1750000000001,
   -35.47500000000002,
   -123.5,
   -1017.4250000000001,
   184.10000000000002,
   -50.42500000000007,
   829.175,
   2001.5749999999998,
   433.7,
   -1003.125,
   995.6,
   1315.25,
   1909.8249999999998,
   190.0,
   1028.1,
   -1105.4499999999998,
   60.55000000000001,
   -1008.05,
   -993.6499999999999,
   228.04999999999995,
   -808.9000000000001,
   -14.075000000000045,
   117.0,
   -995.8,
   -953.9,
   -1971.8,
   -347.6,
   662.55,
   31.07499999999999,
   -21.100000000000023,
   982.7750000000001,
   -67.32499999999993,
   184.75,
   229.07500000000005,
   -1004.4000000000001,
   -3.5,
   30.549999999999955,
   -954.3,
   -38.974999999999966,
   -981.375,
   -2083.25,
   938.8749999999999,
   -15.199999999999932,
   -987.4499999999999,
   -585.5,
   698.775,
   -1001.4749999999999,
   932.5250000000001,
   -1843.25,
   1712.65,
   -1.7749999999999773,
   41.049999999999955,
   1480.3,
   1000.9,
   -1008.85,
   -16.975000000000023,
   489.275,
   -287.32500000000005,
   856.575,
   -980.65,
   933.9,
   27.699999999999932,
   41.39999999999998,
   -453.025,
   998.15,
   1006.825,
   -919.75,
   988.3,
   -860.0,
   -1429.6,
   -902.95,
   -1971.8,
   -23.5,
   -911.95,
   0.0,
   -20.524999999999977,
   -58.049999999999955,
   -968.85,
   1330.15,
   982.3,
   997.025,
   31.450000000000045,
   1011.675,
   41.75,
   8.800000000000011,
   -1015.2999999999998,
   -6.899999999999977,
   -21.0,
   1964.4,
   971.4499999999999,
   -816.0,
   -125.20000000000005,
   811.4499999999999,
   -112.04999999999995,
   -787.3,
   -912.5,
   -1053.3500000000001,
   -28.924999999999955,
   278.70000000000005,
   288.70000000000005,
   1921.95,
   944.4,
   -951.025,
   958.4,
   455.55000000000007,
   17.05000000000001,
   23.200000000000045,
   -972.85,
   -9.424999999999955,
   -764.425,
   -1954.7,
   -22.900000000000034,
   14.299999999999955,
   974.8,
   -122.60000000000002,
   -1681.9,
   -565.3,
   -21.75,
   -100.375,
   -53.350000000000136,
   30.100000000000023,
   -3.75,
   -912.4,
   -574.4749999999999,
   -958.1,
   21.5,
   13.75,
   -1997.975,
   -597.65,
   -1318.55,
   -956.05,
   -1894.8000000000002,
   68.25,
   -952.1,
   -62.85000000000002,
   -24.674999999999955,
   -1979.9,
   -964.9750000000001,
   -985.9250000000001,
   1968.5,
   -997.9000000000001,
   -635.1500000000001,
   13.700000000000045,
   -915.125,
   857.55,
   -2007.8,
   -51.02499999999998,
   1063.0500000000002,
   83.39999999999998,
   -958.7,
   -56.0,
   954.3499999999999,
   1033.25,
   -908.35,
   976.45,
   -889.85,
   -830.55,
   996.4,
   11.325000000000045,
   -10.050000000000011,
   -274.8,
   402.8,
   22.25,
   -13.950000000000045,
   -296.55,
   -169.25,
   910.275,
   39.27499999999998,
   -1014.4250000000001,
   47.69999999999999,
   964.7,
   -1963.1,
   -10.5,
   230.39999999999998,
   45.60000000000002,
   -57.599999999999966,
   905.95,
   1001.6500000000001,
   950.95,
   -1014.025,
   -1018.65,
   973.75,
   -867.8500000000001,
   1919.4,
   66.39999999999998,
   990.725,
   25.474999999999966,
   51.05000000000007,
   -979.2,
   -14.399999999999977,
   967.9499999999999,
   -746.8499999999999,
   406.7,
   2.1000000000000227,
   -988.8,
   75.57499999999999,
   -458.75,
   -24.450000000000045,
   9.150000000000034,
   32.64999999999998,
   -28.350000000000023,
   5.150000000000091,
   -2017.025,
   34.19999999999999,
   -942.3000000000001,
   1129.975,
   21.450000000000045,
   -1015.925,
   -187.17499999999995,
   -889.425,
   183.54999999999995,
   -972.5000000000001,
   -782.1000000000001,
   -974.25,
   974.8,
   -1987.35,
   -62.85000000000002,
   -989.775,
   37.950000000000045,
   -31.050000000000068,
   -580.5500000000001,
   -12.599999999999966,
   -1988.25,
   938.0,
   758.125,
   1005.625,
   1001.0999999999999,
   -32.19999999999999,
   -962.85,
   938.2750000000001,
   673.125,
   -43.450000000000045,
   -1977.0,
   -999.7249999999999,
   992.675,
   97.10000000000002,
   -976.075,
   -1972.525,
   988.9,
   -654.3,
   -1947.0749999999998,
   -819.55,
   -2037.9,
   68.0,
   949.725,
   243.675,
   32.575000000000045,
   -998.0250000000001,
   -977.0250000000001,
   -35.174999999999955,
   24.0,
   -1000.3999999999999,
   -49.64999999999998,
   28.350000000000023,
   -1999.525,
   773.8,
   50.14999999999998,
   -11.450000000000045,
   -1006.175,
   -913.825,
   2000.45,
   -14.750000000000114,
   -19.375,
   11.875,
   -996.325,
   -1046.525,
   -1038.35,
   20.375000000000114,
   -1049.125,
   -985.0,
   16.500000000000057,
   984.75,
   -2021.025,
   110.45000000000005
  ]
 },
 "control_non_tilter": {
  "opponent": "Station",
  "exploiter_edge_vs_opp": 444.91849999999977,
  "baseline_edge_vs_opp": 470.5791666666665,
  "paired_delta_mean": -12.830333333333334,
  "paired_delta_ci95": {
   "mean": -12.830333333333334,
   "lo": -81.10691666666665,
   "hi": 55.26575000000002,
   "ci": 0.95,
   "n": 300
  },
  "paired_delta_sign_test": {
   "wins": 148,
   "losses": 152,
   "ties": 0,
   "n": 300,
   "p_value": 0.8625270926954667
  },
  "resolved": false,
  "edge_sign": 0,