{"arms": [{"arm": "raw", "mean": 33.333333333333336, "lo": -324.0, "hi": 388.0, "ci_width": 712.0, "n_seeds": 120, "n_hands": 100, "ci_width_vs_raw": 1.0}, {"arm": "mirror", "mean": 56.833333333333336, "lo": -175.83333333333334, "hi": 288.5, "ci_width": 464.33333333333337, "n_seeds": 120, "n_hands": 100, "ci_width_vs_raw": 0.6521535580524345}, {"arm": "luck_adjusted", "mean": 42.578333333333354, "lo": -314.08166666666676, "hi": 389.70583333333326, "ci_width": 703.7875, "n_seeds": 120, "n_hands": 100, "ci_width_vs_raw": 0.9884655898876404}, {"arm": "mirror+luck", "mean": 63.105416666666656, "lo": -166.98666666666668, "hi": 291.43124999999986, "ci_width": 458.41791666666654, "n_seeds": 120, "n_hands": 100, "ci_width_vs_raw": 0.6438453885767789}]}